name,lat,lon
Kiambiu,-1.2822758,36.8634101
Dandora,-1.2449083,36.9060802
Kariobangi,-1.2590939,36.8819135
Kayole,-1.2667475,36.9193623
Komarock,-1.2726556,36.9077371
Njiru,-1.2545703,36.9920563
Ruai,-1.2689967,36.9915483
Mwiki,-1.2327573,36.9332678
Donholm,-1.2992254,36.8886888
Tassia,-1.307049,36.8986034
Fedha,-1.3156695,36.8984952
Madaraka,-1.3074039,36.8153361
Nairobi West,-1.3087022,36.8230975
Lang'ata,-1.3189569,36.7899763
Kawangware,-1.2784631,36.751643
Kangemi,-1.2680073,36.7522966
Lavington,-1.2740678,36.7762269
Westlands,-1.2465281,36.7860759
Parklands,-1.2630616,36.8106288
Kitisuru,-1.2403787,36.77103
Kileleshwa,-1.2767338,36.7879011
Chiromo,-1.2708313,36.8063848
Mathare,-1.2584151,36.8712653
Kibera,-1.3113332,36.7890001
